﻿<Scene>
  <MetaData>
    <Name>Test</Name>
    <Author>Me</Author>
    <Description>This is a test</Description>
  </MetaData>
  <Assets>
    <Model>
      <Name>test</Name>
      <FilePath>Models/cube</FilePath>
    </Model>
    <Material>
      <Name>mat</Name>
      <Type>VertexColorShader</Type>
      <Shader />
    </Material>
  </Assets>
  <SceneGraph>
    <GameObject>
      <Name>Camera</Name>
      <Position>
        <X>1</X>
        <Y>1</Y>
        <Z>1</Z>
      </Position>
      <Rotation>
        <X>0</X>
        <Y>0</Y>
        <Z>0</Z>
      </Rotation>
      <Scale>
        <X>1</X>
        <Y>1</Y>
        <Z>1</Z>
      </Scale>
      <Components>
        <Camera>
          <AspectRatio>1</AspectRatio>
          <Fov>60</Fov>
          <NearPlane>0.3</NearPlane>
          <FarPlane>1000</FarPlane>
        </Camera>
        <CameraMovement>
          <CurrentType>FirstPerson</CurrentType>
        </CameraMovement>
      </Components>
      <Children />
    </GameObject>
    <GameObject>
      <Name>test</Name>
      <Position>
        <X>1</X>
        <Y>1</Y>
        <Z>1</Z>
      </Position>
      <Rotation>
        <X>0</X>
        <Y>0</Y>
        <Z>0</Z>
      </Rotation>
      <Scale>
        <X>1</X>
        <Y>1</Y>
        <Z>1</Z>
      </Scale>
      <Components>
        <MeshRenderer>
          <Model>test</Model>
          <Material>mat</Material>
        </MeshRenderer>
      </Components>
      <Children>
        <GameObject>
          <Name>child</Name>
          <Position>
            <X>0</X>
            <Y>0</Y>
            <Z>0</Z>
          </Position>
          <Rotation>
            <X>0</X>
            <Y>0</Y>
            <Z>0</Z>
          </Rotation>
          <Scale>
            <X>1</X>
            <Y>1</Y>
            <Z>1</Z>
          </Scale>
          <Components />
          <Children />
        </GameObject>
      </Children>
    </GameObject>
  </SceneGraph>
</Scene>
